{"cameraMode":{"drawMode":0,"name":"Shaded","section":"Shading Mode"},"sceneLighting":true,"audioPlay":false,"sceneViewState":{"showFog":true,"showMaterialUpdate":false,"showSkybox":true,"showFlares":true,"showImageEffects":true,"showParticleSystems":true},"in2DMode":false,"pivot":{"x":397.9390869140625,"y":290.7115173339844,"z":-641.5453491210938},"rotation":{"x":-0.07212722301483154,"y":-0.05772235617041588,"z":0.004182522650808096,"w":-0.9957395195960999},"size":12.411398887634278,"orthographic":false}