{"cameraMode":{"drawMode":0,"name":"Shaded","section":"Shading Mode"},"sceneLighting":true,"audioPlay":false,"sceneViewState":{"showFog":true,"showMaterialUpdate":false,"showSkybox":true,"showFlares":true,"showImageEffects":true,"showParticleSystems":true},"in2DMode":false,"pivot":{"x":0.465872198343277,"y":3.64705491065979,"z":0.017789214849472047},"rotation":{"x":-0.06315483897924423,"y":0.626803994178772,"z":-0.05107338726520538,"w":-0.774960994720459},"size":12.411398887634278,"orthographic":false}