{"cameraMode":{"drawMode":0,"name":"Shaded","section":"Shading Mode"},"sceneLighting":true,"audioPlay":false,"sceneViewState":{"showFog":true,"showMaterialUpdate":false,"showSkybox":true,"showFlares":true,"showImageEffects":true,"showParticleSystems":true},"in2DMode":false,"pivot":{"x":12.957918167114258,"y":0.6526765823364258,"z":-1.7299461364746094},"rotation":{"x":0.1340242326259613,"y":0.5741906762123108,"z":-0.09600849449634552,"w":0.8020431399345398},"size":25.5181827545166,"orthographic":false}